Model,Details,Price
Audi A4,Avant 2.0 TDI DPF Ambition l AHK l Tempomat l Xeno,"€ 14,560.-"
Audi A4,Avant 2.0 TDI DPF Ambition l AHK l Tempomat l Xeno,"€ 14,560.-"
Audi A4,Avant 2.0 TDI DPF Ambition l AHK l Tempomat l Xeno,"€ 14,560.-"
Audi A4,Avant 2.0 TDI DPF Ambition l AHK l Tempomat l Xeno,"€ 14,560.-"
Audi A4,Avant 2.0 TDI DPF Ambition l AHK l Tempomat l Xeno,"€ 14,560.-"
Audi A4,Avant 2.0 TDI DPF Ambition l AHK l Tempomat l Xeno,"€ 14,560.-"
Audi A4,Avant 2.0 TDI DPF Ambition l AHK l Tempomat l Xeno,"€ 14,560.-"
Audi A4,Avant 2.0 TDI DPF Ambition l AHK l Tempomat l Xeno,"€ 14,560.-"
Audi A4,Avant 2.0 TDI DPF Ambition l AHK l Tempomat l Xeno,"€ 14,560.-"
Audi A4,Avant 2.0 TDI DPF Ambition l AHK l Tempomat l Xeno,"€ 14,560.-"
Audi A4,Avant 2.0 TDI DPF Ambition l AHK l Tempomat l Xeno,"€ 14,560.-"
Audi A4,Avant 2.0 TDI DPF Ambition l AHK l Tempomat l Xeno,"€ 14,560.-"
Audi A4,Avant 2.0 TDI DPF Ambition l AHK l Tempomat l Xeno,"€ 14,560.-"
Audi A4,Avant 2.0 TDI DPF Ambition l AHK l Tempomat l Xeno,"€ 14,560.-"
Audi A4,Avant 2.0 TDI DPF Ambition l AHK l Tempomat l Xeno,"€ 14,560.-"
Audi A4,Avant 2.0 TDI DPF Ambition l AHK l Tempomat l Xeno,"€ 14,560.-"
Audi A4,Avant 2.0 TDI DPF Ambition l AHK l Tempomat l Xeno,"€ 14,560.-"
Audi A4,Avant 2.0 TDI DPF Ambition l AHK l Tempomat l Xeno,"€ 14,560.-"
Audi A4,Avant 2.0 TDI DPF Ambition l AHK l Tempomat l Xeno,"€ 14,560.-"
Audi A4,Avant 2.0 TDI DPF Ambition l AHK l Tempomat l Xeno,"€ 14,560.-"
Audi A4,Avant 1.8 TFSI Ambiente,"€ 10,500.-"
Audi A4,Avant 1.8 TFSI Ambiente,"€ 10,500.-"
Audi A4,Avant 1.8 TFSI Ambiente,"€ 10,500.-"
Audi A4,Avant 1.8 TFSI Ambiente,"€ 10,500.-"
Audi A4,Avant 1.8 TFSI Ambiente,"€ 10,500.-"
Audi A4,Avant 1.8 TFSI Ambiente,"€ 10,500.-"
Audi A4,Avant 1.8 TFSI Ambiente,"€ 10,500.-"
Audi A4,Avant 1.8 TFSI Ambiente,"€ 10,500.-"
Audi A4,Avant 1.8 TFSI Ambiente,"€ 10,500.-"
Audi A4,Avant 1.8 TFSI Ambiente,"€ 10,500.-"
Audi A4,Avant 1.8 TFSI Ambiente,"€ 10,500.-"
Audi A4,Avant 1.8 TFSI Ambiente,"€ 10,500.-"
Audi A4,Avant 1.8 TFSI Ambiente,"€ 10,500.-"
Audi A4,Avant 1.8 TFSI Ambiente,"€ 10,500.-"
Audi A4,Avant 1.8 TFSI Ambiente,"€ 10,500.-"
Audi A4,Avant 1.8 TFSI Ambiente,"€ 10,500.-"
Audi A4,Avant 1.8 TFSI Ambiente,"€ 10,500.-"
Audi A4,Avant 1.8 TFSI Ambiente,"€ 10,500.-"
Audi A4,1.8 TFSI,"€ 11,500.-"
Audi A4,1.8 TFSI,"€ 11,500.-"
Audi A4,1.8 TFSI,"€ 11,500.-"
Audi A4,1.8 TFSI,"€ 11,500.-"
Audi A4,1.8 TFSI,"€ 11,500.-"
Audi A4,1.8 TFSI,"€ 11,500.-"
Audi A4,1.8 TFSI,"€ 11,500.-"
Audi A4,1.8 TFSI,"€ 11,500.-"
Audi A4,1.8 TFSI,"€ 11,500.-"
Audi A4,1.8 TFSI,"€ 11,500.-"
Audi A4,1.8 TFSI,"€ 11,500.-"
Audi A4,1.8 TFSI,"€ 11,500.-"
Audi A4,1.8 TFSI,"€ 11,500.-"
Audi A4,1.8 TFSI,"€ 11,500.-"
Audi A4,1.8 TFSI,"€ 11,500.-"
Audi A4,1.8 TFSI,"€ 11,500.-"
Audi A4,1.8 TFSI,"€ 11,500.-"
Audi A4,1.8 TFSI,"€ 11,500.-"
Audi A4,Ambiente Avant (8K5),"€ 12,500.-"
Audi A4,Ambiente Avant (8K5),"€ 12,500.-"
Audi A4,Ambiente Avant (8K5),"€ 12,500.-"
Audi A4,Ambiente Avant (8K5),"€ 12,500.-"
Audi A4,Ambiente Avant (8K5),"€ 12,500.-"
Audi A4,Ambiente Avant (8K5),"€ 12,500.-"
Audi A4,Ambiente Avant (8K5),"€ 12,500.-"
Audi A4,Ambiente Avant (8K5),"€ 12,500.-"
Audi A4,Ambiente Avant (8K5),"€ 12,500.-"
Audi A4,Ambiente Avant (8K5),"€ 12,500.-"
Audi A4,Ambiente Avant (8K5),"€ 12,500.-"
Audi A4,Ambiente Avant (8K5),"€ 12,500.-"
Audi A4,Ambiente Avant (8K5),"€ 12,500.-"
Audi A4,Ambiente Avant (8K5),"€ 12,500.-"
Audi A4,Ambiente Avant (8K5),"€ 12,500.-"
Audi A4,Ambiente Avant (8K5),"€ 12,500.-"
Audi A4,Ambiente Avant (8K5),"€ 12,500.-"
Audi A4,Ambiente Avant (8K5),"€ 12,500.-"
Audi A4,2.0 TDI DPF Attraction - Klima - PDC - AHK ..,"€ 13,250.-"
Audi A4,2.0 TDI DPF Attraction - Klima - PDC - AHK ..,"€ 13,250.-"
Audi A4,2.0 TDI DPF Attraction - Klima - PDC - AHK ..,"€ 13,250.-"
Audi A4,2.0 TDI DPF Attraction - Klima - PDC - AHK ..,"€ 13,250.-"
Audi A4,2.0 TDI DPF Attraction - Klima - PDC - AHK ..,"€ 13,250.-"
Audi A4,2.0 TDI DPF Attraction - Klima - PDC - AHK ..,"€ 13,250.-"
Audi A4,2.0 TDI DPF Attraction - Klima - PDC - AHK ..,"€ 13,250.-"
Audi A4,2.0 TDI DPF Attraction - Klima - PDC - AHK ..,"€ 13,250.-"
Audi A4,2.0 TDI DPF Attraction - Klima - PDC - AHK ..,"€ 13,250.-"
Audi A4,2.0 TDI DPF Attraction - Klima - PDC - AHK ..,"€ 13,250.-"
Audi A4,2.0 TDI DPF Attraction - Klima - PDC - AHK ..,"€ 13,250.-"
Audi A4,2.0 TDI DPF Attraction - Klima - PDC - AHK ..,"€ 13,250.-"
Audi A4,2.0 TDI DPF Attraction - Klima - PDC - AHK ..,"€ 13,250.-"
Audi A4,2.0 TDI DPF Attraction - Klima - PDC - AHK ..,"€ 13,250.-"
Audi A4,2.0 TDI DPF Attraction - Klima - PDC - AHK ..,"€ 13,250.-"
Audi A4,2.0 TDI DPF Attraction - Klima - PDC - AHK ..,"€ 13,250.-"
Audi A4,2.0 TDI DPF Attraction - Klima - PDC - AHK ..,"€ 13,250.-"
Audi A4,2.0 TDI DPF Attraction - Klima - PDC - AHK ..,"€ 13,250.-"
